STRUCTURE,STRUCTURE_ID,STRUCTURE_NAME,ACTION,REF_AREA,Reference area,SEX,Sex,AGE,Age,ATTAINMENT_LEV,Educational attainment level,EDUCATION_FIELD,Field of education,MEASURE,Measure,INCOME,Income,BIRTH_PLACE,Place of birth,MIGRATION_AGE,Age at migration,EDU_STATUS,Education status,LABOUR_FORCE_STATUS,Labour force status,DURATION_UNEMP,Unemployment duration,UNIT_MEASURE,Unit of measure,STATISTICAL_OPERATION,Statistical operation,WORK_TIME_ARNGMNT,Work time arrangement,QUESTIONNAIRE,Questionnaire name,FREQ,Frequency of observation,TIME_PERIOD,Time period,OBS_VALUE,Observation value,OBS_STATUS,Observation status,CONF_STATUS,Confidentiality status,UNIT_MULT,Unit multiplier,DECIMALS,Decimals
DATAFLOW,OECD.EDU.IMEP:DSD_EAG_LSO_EA@DF_LSO_NEAC_DISTR_EA(1.0),"Adults' educational attainment distribution, by age group and gender",I,NZL,New Zealand,F,Female,Y25T64,From 25 to 64 years,ISCED11A_5T8,Tertiary education,_T,Total,POP,Population,_Z,Not applicable,_T,Total,_Z,Not applicable,ED_NED,In education or not in education,POP,Population,_Z,Not applicable,PT_POP_SEX_AGE,Percentage of population in the same sex and age,OBS,Observed,_Z,Not applicable,NEAC,LSO-NEAC regular data collection,A,Annual,2024,,48.00377655029297,,A,Normal value,,,0,Units,1,One
DATAFLOW,OECD.EDU.IMEP:DSD_EAG_LSO_EA@DF_LSO_NEAC_DISTR_EA(1.0),"Adults' educational attainment distribution, by age group and gender",I,GRC,Greece,M,Male,Y25T64,From 25 to 64 years,ISCED11A_5T8,Tertiary education,_T,Total,POP,Population,_Z,Not applicable,_T,Total,_Z,Not applicable,ED_NED,In education or not in education,POP,Population,_Z,Not applicable,PT_POP_SEX_AGE,Percentage of population in the same sex and age,OBS,Observed,_Z,Not applicable,NEAC,LSO-NEAC regular data collection,A,Annual,2024,,32.68453979492188,,A,Normal value,,,0,Units,1,One
DATAFLOW,OECD.EDU.IMEP:DSD_EAG_LSO_EA@DF_LSO_NEAC_DISTR_EA(1.0),"Adults' educational attainment distribution, by age group and gender",I,CHE,Switzerland,F,Female,Y25T64,From 25 to 64 years,ISCED11A_5T8,Tertiary education,_T,Total,POP,Population,_Z,Not applicable,_T,Total,_Z,Not applicable,ED_NED,In education or not in education,POP,Population,_Z,Not applicable,PT_POP_SEX_AGE,Percentage of population in the same sex and age,OBS,Observed,_Z,Not applicable,NEAC,LSO-NEAC regular data collection,A,Annual,2024,,44.16145706176758,,A,Normal value,,,0,Units,1,One
DATAFLOW,OECD.EDU.IMEP:DSD_EAG_LSO_EA@DF_LSO_NEAC_DISTR_EA(1.0),"Adults' educational attainment distribution, by age group and gender",I,GBR,United Kingdom,M,Male,Y25T64,From 25 to 64 years,ISCED11A_5T8,Tertiary education,_T,Total,POP,Population,_Z,Not applicable,_T,Total,_Z,Not applicable,ED_NED,In education or not in education,POP,Population,_Z,Not applicable,PT_POP_SEX_AGE,Percentage of population in the same sex and age,OBS,Observed,_Z,Not applicable,NEAC,LSO-NEAC regular data collection,A,Annual,2024,,51.46897125244141,,A,Normal value,,,0,Units,1,One
DATAFLOW,OECD.EDU.IMEP:DSD_EAG_LSO_EA@DF_LSO_NEAC_DISTR_EA(1.0),"Adults' educational attainment distribution, by age group and gender",I,OECD,OECD,F,Female,Y25T64,From 25 to 64 years,ISCED11A_5T8,Tertiary education,_T,Total,POP,Population,_Z,Not applicable,_T,Total,_Z,Not applicable,ED_NED,In education or not in education,POP,Population,_Z,Not applicable,PT_POP_SEX_AGE,Percentage of population in the same sex and age,OBS,Observed,_Z,Not applicable,NEAC,LSO-NEAC regular data collection,A,Annual,2024,,45.01736848013741,,A,Normal value,,,0,Units,1,One
DATAFLOW,OECD.EDU.IMEP:DSD_EAG_LSO_EA@DF_LSO_NEAC_DISTR_EA(1.0),"Adults' educational attainment distribution, by age group and gender",I,ARG,Argentina,F,Female,Y25T64,From 25 to 64 years,ISCED11A_5T8,Tertiary education,_T,Total,POP,Population,_Z,Not applicable,_T,Total,_Z,Not applicable,ED_NED,In education or not in education,POP,Population,_Z,Not applicable,PT_POP_SEX_AGE,Percentage of population in the same sex and age,OBS,Observed,_Z,Not applicable,NEAC,LSO-NEAC regular data collection,A,Annual,2023,,27.3559494,,A,Normal value,,,0,Units,1,One
DATAFLOW,OECD.EDU.IMEP:DSD_EAG_LSO_EA@DF_LSO_NEAC_DISTR_EA(1.0),"Adults' educational attainment distribution, by age group and gender",I,POL,Poland,M,Male,Y25T64,From 25 to 64 years,ISCED11A_5T8,Tertiary education,_T,Total,POP,Population,_Z,Not applicable,_T,Total,_Z,Not applicable,ED_NED,In education or not in education,POP,Population,_Z,Not applicable,PT_POP_SEX_AGE,Percentage of population in the same sex and age,OBS,Observed,_Z,Not applicable,NEAC,LSO-NEAC regular data collection,A,Annual,2024,,32.7716064453125,,A,Normal value,,,0,Units,1,One
DATAFLOW,OECD.EDU.IMEP:DSD_EAG_LSO_EA@DF_LSO_NEAC_DISTR_EA(1.0),"Adults' educational attainment distribution, by age group and gender",I,CAN,Canada,F,Female,Y25T64,From 25 to 64 years,ISCED11A_5T8,Tertiary education,_T,Total,POP,Population,_Z,Not applicable,_T,Total,_Z,Not applicable,ED_NED,In education or not in education,POP,Population,_Z,Not applicable,PT_POP_SEX_AGE,Percentage of population in the same sex and age,OBS,Observed,_Z,Not applicable,NEAC,LSO-NEAC regular data collection,A,Annual,2024,,71.53435516357422,,A,Normal value,,,0,Units,1,One
DATAFLOW,OECD.EDU.IMEP:DSD_EAG_LSO_EA@DF_LSO_NEAC_DISTR_EA(1.0),"Adults' educational attainment distribution, by age group and gender",I,COL,Colombia,F,Female,Y25T64,From 25 to 64 years,ISCED11A_5T8,Tertiary education,_T,Total,POP,Population,_Z,Not applicable,_T,Total,_Z,Not applicable,ED_NED,In education or not in education,POP,Population,_Z,Not applicable,PT_POP_SEX_AGE,Percentage of population in the same sex and age,OBS,Observed,_Z,Not applicable,NEAC,LSO-NEAC regular data collection,A,Annual,2024,,32.98915481567383,,A,Normal value,,,0,Units,1,One
DATAFLOW,OECD.EDU.IMEP:DSD_EAG_LSO_EA@DF_LSO_NEAC_DISTR_EA(1.0),"Adults' educational attainment distribution, by age group and gender",I,FRA,France,F,Female,Y25T64,From 25 to 64 years,ISCED11A_5T8,Tertiary education,_T,Total,POP,Population,_Z,Not applicable,_T,Total,_Z,Not applicable,ED_NED,In education or not in education,POP,Population,_Z,Not applicable,PT_POP_SEX_AGE,Percentage of population in the same sex and age,OBS,Observed,_Z,Not applicable,NEAC,LSO-NEAC regular data collection,A,Annual,2024,,46.49338531494141,,A,Normal value,,,0,Units,1,One
DATAFLOW,OECD.EDU.IMEP:DSD_EAG_LSO_EA@DF_LSO_NEAC_DISTR_EA(1.0),"Adults' educational attainment distribution, by age group and gender",I,CRI,Costa Rica,M,Male,Y25T64,From 25 to 64 years,ISCED11A_5T8,Tertiary education,_T,Total,POP,Population,_Z,Not applicable,_T,Total,_Z,Not applicable,ED_NED,In education or not in education,POP,Population,_Z,Not applicable,PT_POP_SEX_AGE,Percentage of population in the same sex and age,OBS,Observed,_Z,Not applicable,NEAC,LSO-NEAC regular data collection,A,Annual,2024,,26.21890068054199,,A,Normal value,,,0,Units,1,One
DATAFLOW,OECD.EDU.IMEP:DSD_EAG_LSO_EA@DF_LSO_NEAC_DISTR_EA(1.0),"Adults' educational attainment distribution, by age group and gender",I,ARG,Argentina,M,Male,Y25T64,From 25 to 64 years,ISCED11A_5T8,Tertiary education,_T,Total,POP,Population,_Z,Not applicable,_T,Total,_Z,Not applicable,ED_NED,In education or not in education,POP,Population,_Z,Not applicable,PT_POP_SEX_AGE,Percentage of population in the same sex and age,OBS,Observed,_Z,Not applicable,NEAC,LSO-NEAC regular data collection,A,Annual,2023,,19.80644226,,A,Normal value,,,0,Units,1,One
DATAFLOW,OECD.EDU.IMEP:DSD_EAG_LSO_EA@DF_LSO_NEAC_DISTR_EA(1.0),"Adults' educational attainment distribution, by age group and gender",I,COL,Colombia,M,Male,Y25T64,From 25 to 64 years,ISCED11A_5T8,Tertiary education,_T,Total,POP,Population,_Z,Not applicable,_T,Total,_Z,Not applicable,ED_NED,In education or not in education,POP,Population,_Z,Not applicable,PT_POP_SEX_AGE,Percentage of population in the same sex and age,OBS,Observed,_Z,Not applicable,NEAC,LSO-NEAC regular data collection,A,Annual,2024,,27.91980171203613,,A,Normal value,,,0,Units,1,One
DATAFLOW,OECD.EDU.IMEP:DSD_EAG_LSO_EA@DF_LSO_NEAC_DISTR_EA(1.0),"Adults' educational attainment distribution, by age group and gender",I,JPN,Japan,F,Female,Y25T64,From 25 to 64 years,ISCED11A_5T8,Tertiary education,_T,Total,POP,Population,_Z,Not applicable,_T,Total,_Z,Not applicable,ED_NED,In education or not in education,POP,Population,_Z,Not applicable,PT_POP_SEX_AGE,Percentage of population in the same sex and age,OBS,Observed,_Z,Not applicable,NEAC,LSO-NEAC regular data collection,A,Annual,2024,,28.2435131072998,,W,Includes data from another category,,,0,Units,1,One
DATAFLOW,OECD.EDU.IMEP:DSD_EAG_LSO_EA@DF_LSO_NEAC_DISTR_EA(1.0),"Adults' educational attainment distribution, by age group and gender",I,AUS,Australia,M,Male,Y25T64,From 25 to 64 years,ISCED11A_5T8,Tertiary education,_T,Total,POP,Population,_Z,Not applicable,_T,Total,_Z,Not applicable,ED_NED,In education or not in education,POP,Population,_Z,Not applicable,PT_POP_SEX_AGE,Percentage of population in the same sex and age,OBS,Observed,_Z,Not applicable,NEAC,LSO-NEAC regular data collection,A,Annual,2024,,47.92061996459961,,A,Normal value,,,0,Units,1,One
DATAFLOW,OECD.EDU.IMEP:DSD_EAG_LSO_EA@DF_LSO_NEAC_DISTR_EA(1.0),"Adults' educational attainment distribution, by age group and gender",I,PRT,Portugal,M,Male,Y25T64,From 25 to 64 years,ISCED11A_5T8,Tertiary education,_T,Total,POP,Population,_Z,Not applicable,_T,Total,_Z,Not applicable,ED_NED,In education or not in education,POP,Population,_Z,Not applicable,PT_POP_SEX_AGE,Percentage of population in the same sex and age,OBS,Observed,_Z,Not applicable,NEAC,LSO-NEAC regular data collection,A,Annual,2024,,26.09355163574219,,A,Normal value,,,0,Units,1,One
DATAFLOW,OECD.EDU.IMEP:DSD_EAG_LSO_EA@DF_LSO_NEAC_DISTR_EA(1.0),"Adults' educational attainment distribution, by age group and gender",I,G20,G20,F,Female,Y25T64,From 25 to 64 years,ISCED11A_5T8,Tertiary education,_T,Total,POP,Population,_Z,Not applicable,_T,Total,_Z,Not applicable,ED_NED,In education or not in education,POP,Population,_Z,Not applicable,PT_POP_SEX_AGE,Percentage of population in the same sex and age,OBS,Observed,_Z,Not applicable,NEAC,LSO-NEAC regular data collection,A,Annual,2024,,,,O,Missing value,,,0,Units,1,One
DATAFLOW,OECD.EDU.IMEP:DSD_EAG_LSO_EA@DF_LSO_NEAC_DISTR_EA(1.0),"Adults' educational attainment distribution, by age group and gender",I,LTU,Lithuania,M,Male,Y25T64,From 25 to 64 years,ISCED11A_5T8,Tertiary education,_T,Total,POP,Population,_Z,Not applicable,_T,Total,_Z,Not applicable,ED_NED,In education or not in education,POP,Population,_Z,Not applicable,PT_POP_SEX_AGE,Percentage of population in the same sex and age,OBS,Observed,_Z,Not applicable,NEAC,LSO-NEAC regular data collection,A,Annual,2024,,39.33789825439453,,A,Normal value,,,0,Units,1,One
DATAFLOW,OECD.EDU.IMEP:DSD_EAG_LSO_EA@DF_LSO_NEAC_DISTR_EA(1.0),"Adults' educational attainment distribution, by age group and gender",I,KOR,Korea,M,Male,Y25T64,From 25 to 64 years,ISCED11A_5T8,Tertiary education,_T,Total,POP,Population,_Z,Not applicable,_T,Total,_Z,Not applicable,ED_NED,In education or not in education,POP,Population,_Z,Not applicable,PT_POP_SEX_AGE,Percentage of population in the same sex and age,OBS,Observed,_Z,Not applicable,NEAC,LSO-NEAC regular data collection,A,Annual,2024,,57.42773056030273,,A,Normal value,,,0,Units,1,One
DATAFLOW,OECD.EDU.IMEP:DSD_EAG_LSO_EA@DF_LSO_NEAC_DISTR_EA(1.0),"Adults' educational attainment distribution, by age group and gender",I,SWE,Sweden,F,Female,Y25T64,From 25 to 64 years,ISCED11A_5T8,Tertiary education,_T,Total,POP,Population,_Z,Not applicable,_T,Total,_Z,Not applicable,ED_NED,In education or not in education,POP,Population,_Z,Not applicable,PT_POP_SEX_AGE,Percentage of population in the same sex and age,OBS,Observed,_Z,Not applicable,NEAC,LSO-NEAC regular data collection,A,Annual,2024,,59.806884765625,,A,Normal value,,,0,Units,1,One
DATAFLOW,OECD.EDU.IMEP:DSD_EAG_LSO_EA@DF_LSO_NEAC_DISTR_EA(1.0),"Adults' educational attainment distribution, by age group and gender",I,ZAF,South Africa,F,Female,Y25T64,From 25 to 64 years,ISCED11A_5T8,Tertiary education,_T,Total,POP,Population,_Z,Not applicable,_T,Total,_Z,Not applicable,ED_NED,In education or not in education,POP,Population,_Z,Not applicable,PT_POP_SEX_AGE,Percentage of population in the same sex and age,OBS,Observed,_Z,Not applicable,NEAC,LSO-NEAC regular data collection,A,Annual,2024,,9.460810661315918,,A,Normal value,,,0,Units,1,One
DATAFLOW,OECD.EDU.IMEP:DSD_EAG_LSO_EA@DF_LSO_NEAC_DISTR_EA(1.0),"Adults' educational attainment distribution, by age group and gender",I,POL,Poland,F,Female,Y25T64,From 25 to 64 years,ISCED11A_5T8,Tertiary education,_T,Total,POP,Population,_Z,Not applicable,_T,Total,_Z,Not applicable,ED_NED,In education or not in education,POP,Population,_Z,Not applicable,PT_POP_SEX_AGE,Percentage of population in the same sex and age,OBS,Observed,_Z,Not applicable,NEAC,LSO-NEAC regular data collection,A,Annual,2024,,46.12910461425781,,A,Normal value,,,0,Units,1,One
DATAFLOW,OECD.EDU.IMEP:DSD_EAG_LSO_EA@DF_LSO_NEAC_DISTR_EA(1.0),"Adults' educational attainment distribution, by age group and gender",I,BGR,Bulgaria,M,Male,Y25T64,From 25 to 64 years,ISCED11A_5T8,Tertiary education,_T,Total,POP,Population,_Z,Not applicable,_T,Total,_Z,Not applicable,ED_NED,In education or not in education,POP,Population,_Z,Not applicable,PT_POP_SEX_AGE,Percentage of population in the same sex and age,OBS,Observed,_Z,Not applicable,NEAC,LSO-NEAC regular data collection,A,Annual,2024,,27.25615882873535,,A,Normal value,,,0,Units,1,One
DATAFLOW,OECD.EDU.IMEP:DSD_EAG_LSO_EA@DF_LSO_NEAC_DISTR_EA(1.0),"Adults' educational attainment distribution, by age group and gender",I,DEU,Germany,F,Female,Y25T64,From 25 to 64 years,ISCED11A_5T8,Tertiary education,_T,Total,POP,Population,_Z,Not applicable,_T,Total,_Z,Not applicable,ED_NED,In education or not in education,POP,Population,_Z,Not applicable,PT_POP_SEX_AGE,Percentage of population in the same sex and age,OBS,Observed,_Z,Not applicable,NEAC,LSO-NEAC regular data collection,A,Annual,2024,,32.5320930480957,,A,Normal value,,,0,Units,1,One
DATAFLOW,OECD.EDU.IMEP:DSD_EAG_LSO_EA@DF_LSO_NEAC_DISTR_EA(1.0),"Adults' educational attainment distribution, by age group and gender",I,LVA,Latvia,M,Male,Y25T64,From 25 to 64 years,ISCED11A_5T8,Tertiary education,_T,Total,POP,Population,_Z,Not applicable,_T,Total,_Z,Not applicable,ED_NED,In education or not in education,POP,Population,_Z,Not applicable,PT_POP_SEX_AGE,Percentage of population in the same sex and age,OBS,Observed,_Z,Not applicable,NEAC,LSO-NEAC regular data collection,A,Annual,2024,,30.3643627166748,,A,Normal value,,,0,Units,1,One
DATAFLOW,OECD.EDU.IMEP:DSD_EAG_LSO_EA@DF_LSO_NEAC_DISTR_EA(1.0),"Adults' educational attainment distribution, by age group and gender",I,PER,Peru,M,Male,Y25T64,From 25 to 64 years,ISCED11A_5T8,Tertiary education,_T,Total,POP,Population,_Z,Not applicable,_T,Total,_Z,Not applicable,ED_NED,In education or not in education,POP,Population,_Z,Not applicable,PT_POP_SEX_AGE,Percentage of population in the same sex and age,OBS,Observed,_Z,Not applicable,NEAC,LSO-NEAC regular data collection,A,Annual,2024,,39.53431701660156,,A,Normal value,,,0,Units,1,One
DATAFLOW,OECD.EDU.IMEP:DSD_EAG_LSO_EA@DF_LSO_NEAC_DISTR_EA(1.0),"Adults' educational attainment distribution, by age group and gender",I,FIN,Finland,F,Female,Y25T64,From 25 to 64 years,ISCED11A_5T8,Tertiary education,_T,Total,POP,Population,_Z,Not applicable,_T,Total,_Z,Not applicable,ED_NED,In education or not in education,POP,Population,_Z,Not applicable,PT_POP_SEX_AGE,Percentage of population in the same sex and age,OBS,Observed,_Z,Not applicable,NEAC,LSO-NEAC regular data collection,A,Annual,2024,,50.25197982788086,,A,Normal value,,,0,Units,1,One
DATAFLOW,OECD.EDU.IMEP:DSD_EAG_LSO_EA@DF_LSO_NEAC_DISTR_EA(1.0),"Adults' educational attainment distribution, by age group and gender",I,NOR,Norway,F,Female,Y25T64,From 25 to 64 years,ISCED11A_5T8,Tertiary education,_T,Total,POP,Population,_Z,Not applicable,_T,Total,_Z,Not applicable,ED_NED,In education or not in education,POP,Population,_Z,Not applicable,PT_POP_SEX_AGE,Percentage of population in the same sex and age,OBS,Observed,_Z,Not applicable,NEAC,LSO-NEAC regular data collection,A,Annual,2024,,57.67326736450195,,A,Normal value,,,0,Units,1,One
DATAFLOW,OECD.EDU.IMEP:DSD_EAG_LSO_EA@DF_LSO_NEAC_DISTR_EA(1.0),"Adults' educational attainment distribution, by age group and gender",I,BRA,Brazil,F,Female,Y25T64,From 25 to 64 years,ISCED11A_5T8,Tertiary education,_T,Total,POP,Population,_Z,Not applicable,_T,Total,_Z,Not applicable,ED_NED,In education or not in education,POP,Population,_Z,Not applicable,PT_POP_SEX_AGE,Percentage of population in the same sex and age,OBS,Observed,_Z,Not applicable,NEAC,LSO-NEAC regular data collection,A,Annual,2023,,24.21675873,,A,Normal value,,,0,Units,1,One
DATAFLOW,OECD.EDU.IMEP:DSD_EAG_LSO_EA@DF_LSO_NEAC_DISTR_EA(1.0),"Adults' educational attainment distribution, by age group and gender",I,LUX,Luxembourg,M,Male,Y25T64,From 25 to 64 years,ISCED11A_5T8,Tertiary education,_T,Total,POP,Population,_Z,Not applicable,_T,Total,_Z,Not applicable,ED_NED,In education or not in education,POP,Population,_Z,Not applicable,PT_POP_SEX_AGE,Percentage of population in the same sex and age,OBS,Observed,_Z,Not applicable,NEAC,LSO-NEAC regular data collection,A,Annual,2024,,52.56902694702148,,A,Normal value,,,0,Units,1,One
DATAFLOW,OECD.EDU.IMEP:DSD_EAG_LSO_EA@DF_LSO_NEAC_DISTR_EA(1.0),"Adults' educational attainment distribution, by age group and gender",I,KOR,Korea,F,Female,Y25T64,From 25 to 64 years,ISCED11A_5T8,Tertiary education,_T,Total,POP,Population,_Z,Not applicable,_T,Total,_Z,Not applicable,ED_NED,In education or not in education,POP,Population,_Z,Not applicable,PT_POP_SEX_AGE,Percentage of population in the same sex and age,OBS,Observed,_Z,Not applicable,NEAC,LSO-NEAC regular data collection,A,Annual,2024,,54.88058090209961,,A,Normal value,,,0,Units,1,One
DATAFLOW,OECD.EDU.IMEP:DSD_EAG_LSO_EA@DF_LSO_NEAC_DISTR_EA(1.0),"Adults' educational attainment distribution, by age group and gender",I,MEX,Mexico,M,Male,Y25T64,From 25 to 64 years,ISCED11A_5T8,Tertiary education,_T,Total,POP,Population,_Z,Not applicable,_T,Total,_Z,Not applicable,ED_NED,In education or not in education,POP,Population,_Z,Not applicable,PT_POP_SEX_AGE,Percentage of population in the same sex and age,OBS,Observed,_Z,Not applicable,NEAC,LSO-NEAC regular data collection,A,Annual,2024,,22.26183128356934,,A,Normal value,,,0,Units,1,One
DATAFLOW,OECD.EDU.IMEP:DSD_EAG_LSO_EA@DF_LSO_NEAC_DISTR_EA(1.0),"Adults' educational attainment distribution, by age group and gender",I,BEL,Belgium,F,Female,Y25T64,From 25 to 64 years,ISCED11A_5T8,Tertiary education,_T,Total,POP,Population,_Z,Not applicable,_T,Total,_Z,Not applicable,ED_NED,In education or not in education,POP,Population,_Z,Not applicable,PT_POP_SEX_AGE,Percentage of population in the same sex and age,OBS,Observed,_Z,Not applicable,NEAC,LSO-NEAC regular data collection,A,Annual,2024,,49.17633819580078,,A,Normal value,,,0,Units,1,One
DATAFLOW,OECD.EDU.IMEP:DSD_EAG_LSO_EA@DF_LSO_NEAC_DISTR_EA(1.0),"Adults' educational attainment distribution, by age group and gender",I,EU25,European Union (25 countries),M,Male,Y25T64,From 25 to 64 years,ISCED11A_5T8,Tertiary education,_T,Total,POP,Population,_Z,Not applicable,_T,Total,_Z,Not applicable,ED_NED,In education or not in education,POP,Population,_Z,Not applicable,PT_POP_SEX_AGE,Percentage of population in the same sex and age,OBS,Observed,_Z,Not applicable,NEAC,LSO-NEAC regular data collection,A,Annual,2024,,33.62693351745605,,A,Normal value,,,0,Units,1,One
DATAFLOW,OECD.EDU.IMEP:DSD_EAG_LSO_EA@DF_LSO_NEAC_DISTR_EA(1.0),"Adults' educational attainment distribution, by age group and gender",I,FIN,Finland,M,Male,Y25T64,From 25 to 64 years,ISCED11A_5T8,Tertiary education,_T,Total,POP,Population,_Z,Not applicable,_T,Total,_Z,Not applicable,ED_NED,In education or not in education,POP,Population,_Z,Not applicable,PT_POP_SEX_AGE,Percentage of population in the same sex and age,OBS,Observed,_Z,Not applicable,NEAC,LSO-NEAC regular data collection,A,Annual,2024,,35.44128036499023,,A,Normal value,,,0,Units,1,One
DATAFLOW,OECD.EDU.IMEP:DSD_EAG_LSO_EA@DF_LSO_NEAC_DISTR_EA(1.0),"Adults' educational attainment distribution, by age group and gender",I,BRA,Brazil,M,Male,Y25T64,From 25 to 64 years,ISCED11A_5T8,Tertiary education,_T,Total,POP,Population,_Z,Not applicable,_T,Total,_Z,Not applicable,ED_NED,In education or not in education,POP,Population,_Z,Not applicable,PT_POP_SEX_AGE,Percentage of population in the same sex and age,OBS,Observed,_Z,Not applicable,NEAC,LSO-NEAC regular data collection,A,Annual,2023,,18.70554352,,A,Normal value,,,0,Units,1,One
DATAFLOW,OECD.EDU.IMEP:DSD_EAG_LSO_EA@DF_LSO_NEAC_DISTR_EA(1.0),"Adults' educational attainment distribution, by age group and gender",I,CZE,Czechia,M,Male,Y25T64,From 25 to 64 years,ISCED11A_5T8,Tertiary education,_T,Total,POP,Population,_Z,Not applicable,_T,Total,_Z,Not applicable,ED_NED,In education or not in education,POP,Population,_Z,Not applicable,PT_POP_SEX_AGE,Percentage of population in the same sex and age,OBS,Observed,_Z,Not applicable,NEAC,LSO-NEAC regular data collection,A,Annual,2024,,24.04157447814941,,A,Normal value,,,0,Units,1,One
DATAFLOW,OECD.EDU.IMEP:DSD_EAG_LSO_EA@DF_LSO_NEAC_DISTR_EA(1.0),"Adults' educational attainment distribution, by age group and gender",I,PER,Peru,F,Female,Y25T64,From 25 to 64 years,ISCED11A_5T8,Tertiary education,_T,Total,POP,Population,_Z,Not applicable,_T,Total,_Z,Not applicable,ED_NED,In education or not in education,POP,Population,_Z,Not applicable,PT_POP_SEX_AGE,Percentage of population in the same sex and age,OBS,Observed,_Z,Not applicable,NEAC,LSO-NEAC regular data collection,A,Annual,2024,,39.02826309204102,,A,Normal value,,,0,Units,1,One
DATAFLOW,OECD.EDU.IMEP:DSD_EAG_LSO_EA@DF_LSO_NEAC_DISTR_EA(1.0),"Adults' educational attainment distribution, by age group and gender",I,ITA,Italy,F,Female,Y25T64,From 25 to 64 years,ISCED11A_5T8,Tertiary education,_T,Total,POP,Population,_Z,Not applicable,_T,Total,_Z,Not applicable,ED_NED,In education or not in education,POP,Population,_Z,Not applicable,PT_POP_SEX_AGE,Percentage of population in the same sex and age,OBS,Observed,_Z,Not applicable,NEAC,LSO-NEAC regular data collection,A,Annual,2024,,25.86070442199707,,A,Normal value,,,0,Units,1,One
DATAFLOW,OECD.EDU.IMEP:DSD_EAG_LSO_EA@DF_LSO_NEAC_DISTR_EA(1.0),"Adults' educational attainment distribution, by age group and gender",I,SVN,Slovenia,F,Female,Y25T64,From 25 to 64 years,ISCED11A_5T8,Tertiary education,_T,Total,POP,Population,_Z,Not applicable,_T,Total,_Z,Not applicable,ED_NED,In education or not in education,POP,Population,_Z,Not applicable,PT_POP_SEX_AGE,Percentage of population in the same sex and age,OBS,Observed,_Z,Not applicable,NEAC,LSO-NEAC regular data collection,A,Annual,2024,,43.45010757446289,,A,Normal value,,,0,Units,1,One
DATAFLOW,OECD.EDU.IMEP:DSD_EAG_LSO_EA@DF_LSO_NEAC_DISTR_EA(1.0),"Adults' educational attainment distribution, by age group and gender",I,CHN,China (People’s Republic of),M,Male,Y25T64,From 25 to 64 years,ISCED11A_5T8,Tertiary education,_T,Total,POP,Population,_Z,Not applicable,_T,Total,_Z,Not applicable,ED_NED,In education or not in education,POP,Population,_Z,Not applicable,PT_POP_SEX_AGE,Percentage of population in the same sex and age,OBS,Observed,_Z,Not applicable,NEAC,LSO-NEAC regular data collection,A,Annual,2020,,18.39215469,,A,Normal value,,,0,Units,1,One
DATAFLOW,OECD.EDU.IMEP:DSD_EAG_LSO_EA@DF_LSO_NEAC_DISTR_EA(1.0),"Adults' educational attainment distribution, by age group and gender",I,MEX,Mexico,F,Female,Y25T64,From 25 to 64 years,ISCED11A_5T8,Tertiary education,_T,Total,POP,Population,_Z,Not applicable,_T,Total,_Z,Not applicable,ED_NED,In education or not in education,POP,Population,_Z,Not applicable,PT_POP_SEX_AGE,Percentage of population in the same sex and age,OBS,Observed,_Z,Not applicable,NEAC,LSO-NEAC regular data collection,A,Annual,2024,,21.53918647766113,,A,Normal value,,,0,Units,1,One
DATAFLOW,OECD.EDU.IMEP:DSD_EAG_LSO_EA@DF_LSO_NEAC_DISTR_EA(1.0),"Adults' educational attainment distribution, by age group and gender",I,BEL,Belgium,M,Male,Y25T64,From 25 to 64 years,ISCED11A_5T8,Tertiary education,_T,Total,POP,Population,_Z,Not applicable,_T,Total,_Z,Not applicable,ED_NED,In education or not in education,POP,Population,_Z,Not applicable,PT_POP_SEX_AGE,Percentage of population in the same sex and age,OBS,Observed,_Z,Not applicable,NEAC,LSO-NEAC regular data collection,A,Annual,2024,,40.88367080688477,,A,Normal value,,,0,Units,1,One
DATAFLOW,OECD.EDU.IMEP:DSD_EAG_LSO_EA@DF_LSO_NEAC_DISTR_EA(1.0),"Adults' educational attainment distribution, by age group and gender",I,CAN,Canada,M,Male,Y25T64,From 25 to 64 years,ISCED11A_5T8,Tertiary education,_T,Total,POP,Population,_Z,Not applicable,_T,Total,_Z,Not applicable,ED_NED,In education or not in education,POP,Population,_Z,Not applicable,PT_POP_SEX_AGE,Percentage of population in the same sex and age,OBS,Observed,_Z,Not applicable,NEAC,LSO-NEAC regular data collection,A,Annual,2024,,57.85269927978516,,A,Normal value,,,0,Units,1,One
DATAFLOW,OECD.EDU.IMEP:DSD_EAG_LSO_EA@DF_LSO_NEAC_DISTR_EA(1.0),"Adults' educational attainment distribution, by age group and gender",I,NZL,New Zealand,M,Male,Y25T64,From 25 to 64 years,ISCED11A_5T8,Tertiary education,_T,Total,POP,Population,_Z,Not applicable,_T,Total,_Z,Not applicable,ED_NED,In education or not in education,POP,Population,_Z,Not applicable,PT_POP_SEX_AGE,Percentage of population in the same sex and age,OBS,Observed,_Z,Not applicable,NEAC,LSO-NEAC regular data collection,A,Annual,2024,,39.83547210693359,,A,Normal value,,,0,Units,1,One
DATAFLOW,OECD.EDU.IMEP:DSD_EAG_LSO_EA@DF_LSO_NEAC_DISTR_EA(1.0),"Adults' educational attainment distribution, by age group and gender",I,CHL,Chile,M,Male,Y25T64,From 25 to 64 years,ISCED11A_5T8,Tertiary education,_T,Total,POP,Population,_Z,Not applicable,_T,Total,_Z,Not applicable,ED_NED,In education or not in education,POP,Population,_Z,Not applicable,PT_POP_SEX_AGE,Percentage of population in the same sex and age,OBS,Observed,_Z,Not applicable,NEAC,LSO-NEAC regular data collection,A,Annual,2022,,31.7031192779541,,A,Normal value,,,0,Units,1,One
DATAFLOW,OECD.EDU.IMEP:DSD_EAG_LSO_EA@DF_LSO_NEAC_DISTR_EA(1.0),"Adults' educational attainment distribution, by age group and gender",I,NLD,Netherlands,M,Male,Y25T64,From 25 to 64 years,ISCED11A_5T8,Tertiary education,_T,Total,POP,Population,_Z,Not applicable,_T,Total,_Z,Not applicable,ED_NED,In education or not in education,POP,Population,_Z,Not applicable,PT_POP_SEX_AGE,Percentage of population in the same sex and age,OBS,Observed,_Z,Not applicable,NEAC,LSO-NEAC regular data collection,A,Annual,2024,,43.12897491455078,,A,Normal value,,,0,Units,1,One
DATAFLOW,OECD.EDU.IMEP:DSD_EAG_LSO_EA@DF_LSO_NEAC_DISTR_EA(1.0),"Adults' educational attainment distribution, by age group and gender",I,ISR,Israel,M,Male,Y25T64,From 25 to 64 years,ISCED11A_5T8,Tertiary education,_T,Total,POP,Population,_Z,Not applicable,_T,Total,_Z,Not applicable,ED_NED,In education or not in education,POP,Population,_Z,Not applicable,PT_POP_SEX_AGE,Percentage of population in the same sex and age,OBS,Observed,_Z,Not applicable,NEAC,LSO-NEAC regular data collection,A,Annual,2024,,44.96775817871094,,A,Normal value,,,0,Units,1,One
DATAFLOW,OECD.EDU.IMEP:DSD_EAG_LSO_EA@DF_LSO_NEAC_DISTR_EA(1.0),"Adults' educational attainment distribution, by age group and gender",I,SVK,Slovak Republic,F,Female,Y25T64,From 25 to 64 years,ISCED11A_5T8,Tertiary education,_T,Total,POP,Population,_Z,Not applicable,_T,Total,_Z,Not applicable,ED_NED,In education or not in education,POP,Population,_Z,Not applicable,PT_POP_SEX_AGE,Percentage of population in the same sex and age,OBS,Observed,_Z,Not applicable,NEAC,LSO-NEAC regular data collection,A,Annual,2024,,34.12248611450195,,A,Normal value,,,0,Units,1,One
DATAFLOW,OECD.EDU.IMEP:DSD_EAG_LSO_EA@DF_LSO_NEAC_DISTR_EA(1.0),"Adults' educational attainment distribution, by age group and gender",I,SWE,Sweden,M,Male,Y25T64,From 25 to 64 years,ISCED11A_5T8,Tertiary education,_T,Total,POP,Population,_Z,Not applicable,_T,Total,_Z,Not applicable,ED_NED,In education or not in education,POP,Population,_Z,Not applicable,PT_POP_SEX_AGE,Percentage of population in the same sex and age,OBS,Observed,_Z,Not applicable,NEAC,LSO-NEAC regular data collection,A,Annual,2024,,44.10213851928711,,A,Normal value,,,0,Units,1,One
DATAFLOW,OECD.EDU.IMEP:DSD_EAG_LSO_EA@DF_LSO_NEAC_DISTR_EA(1.0),"Adults' educational attainment distribution, by age group and gender",I,HRV,Croatia,M,Male,Y25T64,From 25 to 64 years,ISCED11A_5T8,Tertiary education,_T,Total,POP,Population,_Z,Not applicable,_T,Total,_Z,Not applicable,ED_NED,In education or not in education,POP,Population,_Z,Not applicable,PT_POP_SEX_AGE,Percentage of population in the same sex and age,OBS,Observed,_Z,Not applicable,NEAC,LSO-NEAC regular data collection,A,Annual,2024,,24.93323135375977,,A,Normal value,,,0,Units,1,One
DATAFLOW,OECD.EDU.IMEP:DSD_EAG_LSO_EA@DF_LSO_NEAC_DISTR_EA(1.0),"Adults' educational attainment distribution, by age group and gender",I,SVN,Slovenia,M,Male,Y25T64,From 25 to 64 years,ISCED11A_5T8,Tertiary education,_T,Total,POP,Population,_Z,Not applicable,_T,Total,_Z,Not applicable,ED_NED,In education or not in education,POP,Population,_Z,Not applicable,PT_POP_SEX_AGE,Percentage of population in the same sex and age,OBS,Observed,_Z,Not applicable,NEAC,LSO-NEAC regular data collection,A,Annual,2024,,26.5332088470459,,A,Normal value,,,0,Units,1,One
DATAFLOW,OECD.EDU.IMEP:DSD_EAG_LSO_EA@DF_LSO_NEAC_DISTR_EA(1.0),"Adults' educational attainment distribution, by age group and gender",I,IDN,Indonesia,M,Male,Y25T64,From 25 to 64 years,ISCED11A_5T8,Tertiary education,_T,Total,POP,Population,_Z,Not applicable,_T,Total,_Z,Not applicable,ED_NED,In education or not in education,POP,Population,_Z,Not applicable,PT_POP_SEX_AGE,Percentage of population in the same sex and age,OBS,Observed,_Z,Not applicable,NEAC,LSO-NEAC regular data collection,A,Annual,2022,,12.07922268,,A,Normal value,,,0,Units,1,One
DATAFLOW,OECD.EDU.IMEP:DSD_EAG_LSO_EA@DF_LSO_NEAC_DISTR_EA(1.0),"Adults' educational attainment distribution, by age group and gender",I,LTU,Lithuania,F,Female,Y25T64,From 25 to 64 years,ISCED11A_5T8,Tertiary education,_T,Total,POP,Population,_Z,Not applicable,_T,Total,_Z,Not applicable,ED_NED,In education or not in education,POP,Population,_Z,Not applicable,PT_POP_SEX_AGE,Percentage of population in the same sex and age,OBS,Observed,_Z,Not applicable,NEAC,LSO-NEAC regular data collection,A,Annual,2024,,56.16686248779297,,A,Normal value,,,0,Units,1,One
DATAFLOW,OECD.EDU.IMEP:DSD_EAG_LSO_EA@DF_LSO_NEAC_DISTR_EA(1.0),"Adults' educational attainment distribution, by age group and gender",I,DNK,Denmark,M,Male,Y25T64,From 25 to 64 years,ISCED11A_5T8,Tertiary education,_T,Total,POP,Population,_Z,Not applicable,_T,Total,_Z,Not applicable,ED_NED,In education or not in education,POP,Population,_Z,Not applicable,PT_POP_SEX_AGE,Percentage of population in the same sex and age,OBS,Observed,_Z,Not applicable,NEAC,LSO-NEAC regular data collection,A,Annual,2024,,38.92761993408203,,A,Normal value,,,0,Units,1,One
DATAFLOW,OECD.EDU.IMEP:DSD_EAG_LSO_EA@DF_LSO_NEAC_DISTR_EA(1.0),"Adults' educational attainment distribution, by age group and gender",I,TUR,Türkiye,F,Female,Y25T64,From 25 to 64 years,ISCED11A_5T8,Tertiary education,_T,Total,POP,Population,_Z,Not applicable,_T,Total,_Z,Not applicable,ED_NED,In education or not in education,POP,Population,_Z,Not applicable,PT_POP_SEX_AGE,Percentage of population in the same sex and age,OBS,Observed,_Z,Not applicable,NEAC,LSO-NEAC regular data collection,A,Annual,2024,,26.83370780944824,,A,Normal value,,,0,Units,1,One
DATAFLOW,OECD.EDU.IMEP:DSD_EAG_LSO_EA@DF_LSO_NEAC_DISTR_EA(1.0),"Adults' educational attainment distribution, by age group and gender",I,DNK,Denmark,F,Female,Y25T64,From 25 to 64 years,ISCED11A_5T8,Tertiary education,_T,Total,POP,Population,_Z,Not applicable,_T,Total,_Z,Not applicable,ED_NED,In education or not in education,POP,Population,_Z,Not applicable,PT_POP_SEX_AGE,Percentage of population in the same sex and age,OBS,Observed,_Z,Not applicable,NEAC,LSO-NEAC regular data collection,A,Annual,2024,,51.24739074707031,,A,Normal value,,,0,Units,1,One
DATAFLOW,OECD.EDU.IMEP:DSD_EAG_LSO_EA@DF_LSO_NEAC_DISTR_EA(1.0),"Adults' educational attainment distribution, by age group and gender",I,HUN,Hungary,M,Male,Y25T64,From 25 to 64 years,ISCED11A_5T8,Tertiary education,_T,Total,POP,Population,_Z,Not applicable,_T,Total,_Z,Not applicable,ED_NED,In education or not in education,POP,Population,_Z,Not applicable,PT_POP_SEX_AGE,Percentage of population in the same sex and age,OBS,Observed,_Z,Not applicable,NEAC,LSO-NEAC regular data collection,A,Annual,2024,,25.73750877380371,,A,Normal value,,,0,Units,1,One
DATAFLOW,OECD.EDU.IMEP:DSD_EAG_LSO_EA@DF_LSO_NEAC_DISTR_EA(1.0),"Adults' educational attainment distribution, by age group and gender",I,ROU,Romania,M,Male,Y25T64,From 25 to 64 years,ISCED11A_5T8,Tertiary education,_T,Total,POP,Population,_Z,Not applicable,_T,Total,_Z,Not applicable,ED_NED,In education or not in education,POP,Population,_Z,Not applicable,PT_POP_SEX_AGE,Percentage of population in the same sex and age,OBS,Observed,_Z,Not applicable,NEAC,LSO-NEAC regular data collection,A,Annual,2024,,17.07873725891113,,A,Normal value,,,0,Units,1,One
DATAFLOW,OECD.EDU.IMEP:DSD_EAG_LSO_EA@DF_LSO_NEAC_DISTR_EA(1.0),"Adults' educational attainment distribution, by age group and gender",I,ITA,Italy,M,Male,Y25T64,From 25 to 64 years,ISCED11A_5T8,Tertiary education,_T,Total,POP,Population,_Z,Not applicable,_T,Total,_Z,Not applicable,ED_NED,In education or not in education,POP,Population,_Z,Not applicable,PT_POP_SEX_AGE,Percentage of population in the same sex and age,OBS,Observed,_Z,Not applicable,NEAC,LSO-NEAC regular data collection,A,Annual,2024,,18.73922157287598,,A,Normal value,,,0,Units,1,One
DATAFLOW,OECD.EDU.IMEP:DSD_EAG_LSO_EA@DF_LSO_NEAC_DISTR_EA(1.0),"Adults' educational attainment distribution, by age group and gender",I,CHN,China (People’s Republic of),F,Female,Y25T64,From 25 to 64 years,ISCED11A_5T8,Tertiary education,_T,Total,POP,Population,_Z,Not applicable,_T,Total,_Z,Not applicable,ED_NED,In education or not in education,POP,Population,_Z,Not applicable,PT_POP_SEX_AGE,Percentage of population in the same sex and age,OBS,Observed,_Z,Not applicable,NEAC,LSO-NEAC regular data collection,A,Annual,2020,,18.6845665,,A,Normal value,,,0,Units,1,One
DATAFLOW,OECD.EDU.IMEP:DSD_EAG_LSO_EA@DF_LSO_NEAC_DISTR_EA(1.0),"Adults' educational attainment distribution, by age group and gender",I,IDN,Indonesia,F,Female,Y25T64,From 25 to 64 years,ISCED11A_5T8,Tertiary education,_T,Total,POP,Population,_Z,Not applicable,_T,Total,_Z,Not applicable,ED_NED,In education or not in education,POP,Population,_Z,Not applicable,PT_POP_SEX_AGE,Percentage of population in the same sex and age,OBS,Observed,_Z,Not applicable,NEAC,LSO-NEAC regular data collection,A,Annual,2022,,14.04698277,,A,Normal value,,,0,Units,1,One
DATAFLOW,OECD.EDU.IMEP:DSD_EAG_LSO_EA@DF_LSO_NEAC_DISTR_EA(1.0),"Adults' educational attainment distribution, by age group and gender",I,DEU,Germany,M,Male,Y25T64,From 25 to 64 years,ISCED11A_5T8,Tertiary education,_T,Total,POP,Population,_Z,Not applicable,_T,Total,_Z,Not applicable,ED_NED,In education or not in education,POP,Population,_Z,Not applicable,PT_POP_SEX_AGE,Percentage of population in the same sex and age,OBS,Observed,_Z,Not applicable,NEAC,LSO-NEAC regular data collection,A,Annual,2024,,35.9703254699707,,A,Normal value,,,0,Units,1,One
DATAFLOW,OECD.EDU.IMEP:DSD_EAG_LSO_EA@DF_LSO_NEAC_DISTR_EA(1.0),"Adults' educational attainment distribution, by age group and gender",I,ISL,Iceland,M,Male,Y25T64,From 25 to 64 years,ISCED11A_5T8,Tertiary education,_T,Total,POP,Population,_Z,Not applicable,_T,Total,_Z,Not applicable,ED_NED,In education or not in education,POP,Population,_Z,Not applicable,PT_POP_SEX_AGE,Percentage of population in the same sex and age,OBS,Observed,_Z,Not applicable,NEAC,LSO-NEAC regular data collection,A,Annual,2023,,34.55850983,,A,Normal value,,,0,Units,1,One
DATAFLOW,OECD.EDU.IMEP:DSD_EAG_LSO_EA@DF_LSO_NEAC_DISTR_EA(1.0),"Adults' educational attainment distribution, by age group and gender",I,ZAF,South Africa,M,Male,Y25T64,From 25 to 64 years,ISCED11A_5T8,Tertiary education,_T,Total,POP,Population,_Z,Not applicable,_T,Total,_Z,Not applicable,ED_NED,In education or not in education,POP,Population,_Z,Not applicable,PT_POP_SEX_AGE,Percentage of population in the same sex and age,OBS,Observed,_Z,Not applicable,NEAC,LSO-NEAC regular data collection,A,Annual,2024,,8.493513107299805,,A,Normal value,,,0,Units,1,One
DATAFLOW,OECD.EDU.IMEP:DSD_EAG_LSO_EA@DF_LSO_NEAC_DISTR_EA(1.0),"Adults' educational attainment distribution, by age group and gender",I,ESP,Spain,M,Male,Y25T64,From 25 to 64 years,ISCED11A_5T8,Tertiary education,_T,Total,POP,Population,_Z,Not applicable,_T,Total,_Z,Not applicable,ED_NED,In education or not in education,POP,Population,_Z,Not applicable,PT_POP_SEX_AGE,Percentage of population in the same sex and age,OBS,Observed,_Z,Not applicable,NEAC,LSO-NEAC regular data collection,A,Annual,2024,,38.95022583007813,,A,Normal value,,,0,Units,1,One
DATAFLOW,OECD.EDU.IMEP:DSD_EAG_LSO_EA@DF_LSO_NEAC_DISTR_EA(1.0),"Adults' educational attainment distribution, by age group and gender",I,CRI,Costa Rica,F,Female,Y25T64,From 25 to 64 years,ISCED11A_5T8,Tertiary education,_T,Total,POP,Population,_Z,Not applicable,_T,Total,_Z,Not applicable,ED_NED,In education or not in education,POP,Population,_Z,Not applicable,PT_POP_SEX_AGE,Percentage of population in the same sex and age,OBS,Observed,_Z,Not applicable,NEAC,LSO-NEAC regular data collection,A,Annual,2024,,29.31878471374512,,A,Normal value,,,0,Units,1,One
DATAFLOW,OECD.EDU.IMEP:DSD_EAG_LSO_EA@DF_LSO_NEAC_DISTR_EA(1.0),"Adults' educational attainment distribution, by age group and gender",I,FRA,France,M,Male,Y25T64,From 25 to 64 years,ISCED11A_5T8,Tertiary education,_T,Total,POP,Population,_Z,Not applicable,_T,Total,_Z,Not applicable,ED_NED,In education or not in education,POP,Population,_Z,Not applicable,PT_POP_SEX_AGE,Percentage of population in the same sex and age,OBS,Observed,_Z,Not applicable,NEAC,LSO-NEAC regular data collection,A,Annual,2024,,40.06124877929688,,A,Normal value,,,0,Units,1,One
DATAFLOW,OECD.EDU.IMEP:DSD_EAG_LSO_EA@DF_LSO_NEAC_DISTR_EA(1.0),"Adults' educational attainment distribution, by age group and gender",I,ISR,Israel,F,Female,Y25T64,From 25 to 64 years,ISCED11A_5T8,Tertiary education,_T,Total,POP,Population,_Z,Not applicable,_T,Total,_Z,Not applicable,ED_NED,In education or not in education,POP,Population,_Z,Not applicable,PT_POP_SEX_AGE,Percentage of population in the same sex and age,OBS,Observed,_Z,Not applicable,NEAC,LSO-NEAC regular data collection,A,Annual,2024,,55.99709701538086,,A,Normal value,,,0,Units,1,One
DATAFLOW,OECD.EDU.IMEP:DSD_EAG_LSO_EA@DF_LSO_NEAC_DISTR_EA(1.0),"Adults' educational attainment distribution, by age group and gender",I,USA,United States,M,Male,Y25T64,From 25 to 64 years,ISCED11A_5T8,Tertiary education,_T,Total,POP,Population,_Z,Not applicable,_T,Total,_Z,Not applicable,ED_NED,In education or not in education,POP,Population,_Z,Not applicable,PT_POP_SEX_AGE,Percentage of population in the same sex and age,OBS,Observed,_Z,Not applicable,NEAC,LSO-NEAC regular data collection,A,Annual,2023,,46.73050308,,A,Normal value,,,0,Units,1,One
DATAFLOW,OECD.EDU.IMEP:DSD_EAG_LSO_EA@DF_LSO_NEAC_DISTR_EA(1.0),"Adults' educational attainment distribution, by age group and gender",I,IND,India,M,Male,Y25T64,From 25 to 64 years,ISCED11A_5T8,Tertiary education,_T,Total,POP,Population,_Z,Not applicable,_T,Total,_Z,Not applicable,ED_NED,In education or not in education,POP,Population,_Z,Not applicable,PT_POP_SEX_AGE,Percentage of population in the same sex and age,OBS,Observed,_Z,Not applicable,NEAC,LSO-NEAC regular data collection,A,Annual,2023,,16.76701355,,A,Normal value,,,0,Units,1,One
DATAFLOW,OECD.EDU.IMEP:DSD_EAG_LSO_EA@DF_LSO_NEAC_DISTR_EA(1.0),"Adults' educational attainment distribution, by age group and gender",I,HRV,Croatia,F,Female,Y25T64,From 25 to 64 years,ISCED11A_5T8,Tertiary education,_T,Total,POP,Population,_Z,Not applicable,_T,Total,_Z,Not applicable,ED_NED,In education or not in education,POP,Population,_Z,Not applicable,PT_POP_SEX_AGE,Percentage of population in the same sex and age,OBS,Observed,_Z,Not applicable,NEAC,LSO-NEAC regular data collection,A,Annual,2024,,35.97696304321289,,A,Normal value,,,0,Units,1,One
DATAFLOW,OECD.EDU.IMEP:DSD_EAG_LSO_EA@DF_LSO_NEAC_DISTR_EA(1.0),"Adults' educational attainment distribution, by age group and gender",I,TUR,Türkiye,M,Male,Y25T64,From 25 to 64 years,ISCED11A_5T8,Tertiary education,_T,Total,POP,Population,_Z,Not applicable,_T,Total,_Z,Not applicable,ED_NED,In education or not in education,POP,Population,_Z,Not applicable,PT_POP_SEX_AGE,Percentage of population in the same sex and age,OBS,Observed,_Z,Not applicable,NEAC,LSO-NEAC regular data collection,A,Annual,2024,,27.04792785644531,,A,Normal value,,,0,Units,1,One
DATAFLOW,OECD.EDU.IMEP:DSD_EAG_LSO_EA@DF_LSO_NEAC_DISTR_EA(1.0),"Adults' educational attainment distribution, by age group and gender",I,PRT,Portugal,F,Female,Y25T64,From 25 to 64 years,ISCED11A_5T8,Tertiary education,_T,Total,POP,Population,_Z,Not applicable,_T,Total,_Z,Not applicable,ED_NED,In education or not in education,POP,Population,_Z,Not applicable,PT_POP_SEX_AGE,Percentage of population in the same sex and age,OBS,Observed,_Z,Not applicable,NEAC,LSO-NEAC regular data collection,A,Annual,2024,,36.37259292602539,,A,Normal value,,,0,Units,1,One
DATAFLOW,OECD.EDU.IMEP:DSD_EAG_LSO_EA@DF_LSO_NEAC_DISTR_EA(1.0),"Adults' educational attainment distribution, by age group and gender",I,JPN,Japan,M,Male,Y25T64,From 25 to 64 years,ISCED11A_5T8,Tertiary education,_T,Total,POP,Population,_Z,Not applicable,_T,Total,_Z,Not applicable,ED_NED,In education or not in education,POP,Population,_Z,Not applicable,PT_POP_SEX_AGE,Percentage of population in the same sex and age,OBS,Observed,_Z,Not applicable,NEAC,LSO-NEAC regular data collection,A,Annual,2024,,42.85714340209961,,W,Includes data from another category,,,0,Units,1,One
DATAFLOW,OECD.EDU.IMEP:DSD_EAG_LSO_EA@DF_LSO_NEAC_DISTR_EA(1.0),"Adults' educational attainment distribution, by age group and gender",I,GBR,United Kingdom,F,Female,Y25T64,From 25 to 64 years,ISCED11A_5T8,Tertiary education,_T,Total,POP,Population,_Z,Not applicable,_T,Total,_Z,Not applicable,ED_NED,In education or not in education,POP,Population,_Z,Not applicable,PT_POP_SEX_AGE,Percentage of population in the same sex and age,OBS,Observed,_Z,Not applicable,NEAC,LSO-NEAC regular data collection,A,Annual,2024,,56.08710098266602,,A,Normal value,,,0,Units,1,One
DATAFLOW,OECD.EDU.IMEP:DSD_EAG_LSO_EA@DF_LSO_NEAC_DISTR_EA(1.0),"Adults' educational attainment distribution, by age group and gender",I,AUT,Austria,F,Female,Y25T64,From 25 to 64 years,ISCED11A_5T8,Tertiary education,_T,Total,POP,Population,_Z,Not applicable,_T,Total,_Z,Not applicable,ED_NED,In education or not in education,POP,Population,_Z,Not applicable,PT_POP_SEX_AGE,Percentage of population in the same sex and age,OBS,Observed,_Z,Not applicable,NEAC,LSO-NEAC regular data collection,A,Annual,2024,,38.55226135253906,,A,Normal value,,,0,Units,1,One
DATAFLOW,OECD.EDU.IMEP:DSD_EAG_LSO_EA@DF_LSO_NEAC_DISTR_EA(1.0),"Adults' educational attainment distribution, by age group and gender",I,GRC,Greece,F,Female,Y25T64,From 25 to 64 years,ISCED11A_5T8,Tertiary education,_T,Total,POP,Population,_Z,Not applicable,_T,Total,_Z,Not applicable,ED_NED,In education or not in education,POP,Population,_Z,Not applicable,PT_POP_SEX_AGE,Percentage of population in the same sex and age,OBS,Observed,_Z,Not applicable,NEAC,LSO-NEAC regular data collection,A,Annual,2024,,37.8714485168457,,A,Normal value,,,0,Units,1,One
DATAFLOW,OECD.EDU.IMEP:DSD_EAG_LSO_EA@DF_LSO_NEAC_DISTR_EA(1.0),"Adults' educational attainment distribution, by age group and gender",I,USA,United States,F,Female,Y25T64,From 25 to 64 years,ISCED11A_5T8,Tertiary education,_T,Total,POP,Population,_Z,Not applicable,_T,Total,_Z,Not applicable,ED_NED,In education or not in education,POP,Population,_Z,Not applicable,PT_POP_SEX_AGE,Percentage of population in the same sex and age,OBS,Observed,_Z,Not applicable,NEAC,LSO-NEAC regular data collection,A,Annual,2023,,54.65717316,,A,Normal value,,,0,Units,1,One
DATAFLOW,OECD.EDU.IMEP:DSD_EAG_LSO_EA@DF_LSO_NEAC_DISTR_EA(1.0),"Adults' educational attainment distribution, by age group and gender",I,ISL,Iceland,F,Female,Y25T64,From 25 to 64 years,ISCED11A_5T8,Tertiary education,_T,Total,POP,Population,_Z,Not applicable,_T,Total,_Z,Not applicable,ED_NED,In education or not in education,POP,Population,_Z,Not applicable,PT_POP_SEX_AGE,Percentage of population in the same sex and age,OBS,Observed,_Z,Not applicable,NEAC,LSO-NEAC regular data collection,A,Annual,2023,,55.35441589,,A,Normal value,,,0,Units,1,One
DATAFLOW,OECD.EDU.IMEP:DSD_EAG_LSO_EA@DF_LSO_NEAC_DISTR_EA(1.0),"Adults' educational attainment distribution, by age group and gender",I,CHL,Chile,F,Female,Y25T64,From 25 to 64 years,ISCED11A_5T8,Tertiary education,_T,Total,POP,Population,_Z,Not applicable,_T,Total,_Z,Not applicable,ED_NED,In education or not in education,POP,Population,_Z,Not applicable,PT_POP_SEX_AGE,Percentage of population in the same sex and age,OBS,Observed,_Z,Not applicable,NEAC,LSO-NEAC regular data collection,A,Annual,2022,,34.11861038208008,,A,Normal value,,,0,Units,1,One
DATAFLOW,OECD.EDU.IMEP:DSD_EAG_LSO_EA@DF_LSO_NEAC_DISTR_EA(1.0),"Adults' educational attainment distribution, by age group and gender",I,EU25,European Union (25 countries),F,Female,Y25T64,From 25 to 64 years,ISCED11A_5T8,Tertiary education,_T,Total,POP,Population,_Z,Not applicable,_T,Total,_Z,Not applicable,ED_NED,In education or not in education,POP,Population,_Z,Not applicable,PT_POP_SEX_AGE,Percentage of population in the same sex and age,OBS,Observed,_Z,Not applicable,NEAC,LSO-NEAC regular data collection,A,Annual,2024,,43.52113166809082,,A,Normal value,,,0,Units,1,One
DATAFLOW,OECD.EDU.IMEP:DSD_EAG_LSO_EA@DF_LSO_NEAC_DISTR_EA(1.0),"Adults' educational attainment distribution, by age group and gender",I,EST,Estonia,F,Female,Y25T64,From 25 to 64 years,ISCED11A_5T8,Tertiary education,_T,Total,POP,Population,_Z,Not applicable,_T,Total,_Z,Not applicable,ED_NED,In education or not in education,POP,Population,_Z,Not applicable,PT_POP_SEX_AGE,Percentage of population in the same sex and age,OBS,Observed,_Z,Not applicable,NEAC,LSO-NEAC regular data collection,A,Annual,2024,,54.12318801879883,,A,Normal value,,,0,Units,1,One
DATAFLOW,OECD.EDU.IMEP:DSD_EAG_LSO_EA@DF_LSO_NEAC_DISTR_EA(1.0),"Adults' educational attainment distribution, by age group and gender",I,AUS,Australia,F,Female,Y25T64,From 25 to 64 years,ISCED11A_5T8,Tertiary education,_T,Total,POP,Population,_Z,Not applicable,_T,Total,_Z,Not applicable,ED_NED,In education or not in education,POP,Population,_Z,Not applicable,PT_POP_SEX_AGE,Percentage of population in the same sex and age,OBS,Observed,_Z,Not applicable,NEAC,LSO-NEAC regular data collection,A,Annual,2024,,58.0714111328125,,A,Normal value,,,0,Units,1,One
DATAFLOW,OECD.EDU.IMEP:DSD_EAG_LSO_EA@DF_LSO_NEAC_DISTR_EA(1.0),"Adults' educational attainment distribution, by age group and gender",I,NOR,Norway,M,Male,Y25T64,From 25 to 64 years,ISCED11A_5T8,Tertiary education,_T,Total,POP,Population,_Z,Not applicable,_T,Total,_Z,Not applicable,ED_NED,In education or not in education,POP,Population,_Z,Not applicable,PT_POP_SEX_AGE,Percentage of population in the same sex and age,OBS,Observed,_Z,Not applicable,NEAC,LSO-NEAC regular data collection,A,Annual,2024,,43.62363815307617,,A,Normal value,,,0,Units,1,One
DATAFLOW,OECD.EDU.IMEP:DSD_EAG_LSO_EA@DF_LSO_NEAC_DISTR_EA(1.0),"Adults' educational attainment distribution, by age group and gender",I,CZE,Czechia,F,Female,Y25T64,From 25 to 64 years,ISCED11A_5T8,Tertiary education,_T,Total,POP,Population,_Z,Not applicable,_T,Total,_Z,Not applicable,ED_NED,In education or not in education,POP,Population,_Z,Not applicable,PT_POP_SEX_AGE,Percentage of population in the same sex and age,OBS,Observed,_Z,Not applicable,NEAC,LSO-NEAC regular data collection,A,Annual,2024,,31.10586166381836,,A,Normal value,,,0,Units,1,One
DATAFLOW,OECD.EDU.IMEP:DSD_EAG_LSO_EA@DF_LSO_NEAC_DISTR_EA(1.0),"Adults' educational attainment distribution, by age group and gender",I,SVK,Slovak Republic,M,Male,Y25T64,From 25 to 64 years,ISCED11A_5T8,Tertiary education,_T,Total,POP,Population,_Z,Not applicable,_T,Total,_Z,Not applicable,ED_NED,In education or not in education,POP,Population,_Z,Not applicable,PT_POP_SEX_AGE,Percentage of population in the same sex and age,OBS,Observed,_Z,Not applicable,NEAC,LSO-NEAC regular data collection,A,Annual,2024,,24.04027366638184,,A,Normal value,,,0,Units,1,One
DATAFLOW,OECD.EDU.IMEP:DSD_EAG_LSO_EA@DF_LSO_NEAC_DISTR_EA(1.0),"Adults' educational attainment distribution, by age group and gender",I,LUX,Luxembourg,F,Female,Y25T64,From 25 to 64 years,ISCED11A_5T8,Tertiary education,_T,Total,POP,Population,_Z,Not applicable,_T,Total,_Z,Not applicable,ED_NED,In education or not in education,POP,Population,_Z,Not applicable,PT_POP_SEX_AGE,Percentage of population in the same sex and age,OBS,Observed,_Z,Not applicable,NEAC,LSO-NEAC regular data collection,A,Annual,2024,,56.18919372558594,,A,Normal value,,,0,Units,1,One
DATAFLOW,OECD.EDU.IMEP:DSD_EAG_LSO_EA@DF_LSO_NEAC_DISTR_EA(1.0),"Adults' educational attainment distribution, by age group and gender",I,AUT,Austria,M,Male,Y25T64,From 25 to 64 years,ISCED11A_5T8,Tertiary education,_T,Total,POP,Population,_Z,Not applicable,_T,Total,_Z,Not applicable,ED_NED,In education or not in education,POP,Population,_Z,Not applicable,PT_POP_SEX_AGE,Percentage of population in the same sex and age,OBS,Observed,_Z,Not applicable,NEAC,LSO-NEAC regular data collection,A,Annual,2024,,36.92537307739258,,A,Normal value,,,0,Units,1,One
DATAFLOW,OECD.EDU.IMEP:DSD_EAG_LSO_EA@DF_LSO_NEAC_DISTR_EA(1.0),"Adults' educational attainment distribution, by age group and gender",I,IND,India,F,Female,Y25T64,From 25 to 64 years,ISCED11A_5T8,Tertiary education,_T,Total,POP,Population,_Z,Not applicable,_T,Total,_Z,Not applicable,ED_NED,In education or not in education,POP,Population,_Z,Not applicable,PT_POP_SEX_AGE,Percentage of population in the same sex and age,OBS,Observed,_Z,Not applicable,NEAC,LSO-NEAC regular data collection,A,Annual,2023,,11.80765724,,A,Normal value,,,0,Units,1,One
DATAFLOW,OECD.EDU.IMEP:DSD_EAG_LSO_EA@DF_LSO_NEAC_DISTR_EA(1.0),"Adults' educational attainment distribution, by age group and gender",I,LVA,Latvia,F,Female,Y25T64,From 25 to 64 years,ISCED11A_5T8,Tertiary education,_T,Total,POP,Population,_Z,Not applicable,_T,Total,_Z,Not applicable,ED_NED,In education or not in education,POP,Population,_Z,Not applicable,PT_POP_SEX_AGE,Percentage of population in the same sex and age,OBS,Observed,_Z,Not applicable,NEAC,LSO-NEAC regular data collection,A,Annual,2024,,49.98996734619141,,A,Normal value,,,0,Units,1,One
DATAFLOW,OECD.EDU.IMEP:DSD_EAG_LSO_EA@DF_LSO_NEAC_DISTR_EA(1.0),"Adults' educational attainment distribution, by age group and gender",I,OECD,OECD,M,Male,Y25T64,From 25 to 64 years,ISCED11A_5T8,Tertiary education,_T,Total,POP,Population,_Z,Not applicable,_T,Total,_Z,Not applicable,ED_NED,In education or not in education,POP,Population,_Z,Not applicable,PT_POP_SEX_AGE,Percentage of population in the same sex and age,OBS,Observed,_Z,Not applicable,NEAC,LSO-NEAC regular data collection,A,Annual,2024,,37.41465094430106,,A,Normal value,,,0,Units,1,One
DATAFLOW,OECD.EDU.IMEP:DSD_EAG_LSO_EA@DF_LSO_NEAC_DISTR_EA(1.0),"Adults' educational attainment distribution, by age group and gender",I,BGR,Bulgaria,F,Female,Y25T64,From 25 to 64 years,ISCED11A_5T8,Tertiary education,_T,Total,POP,Population,_Z,Not applicable,_T,Total,_Z,Not applicable,ED_NED,In education or not in education,POP,Population,_Z,Not applicable,PT_POP_SEX_AGE,Percentage of population in the same sex and age,OBS,Observed,_Z,Not applicable,NEAC,LSO-NEAC regular data collection,A,Annual,2024,,40.40676116943359,,A,Normal value,,,0,Units,1,One
DATAFLOW,OECD.EDU.IMEP:DSD_EAG_LSO_EA@DF_LSO_NEAC_DISTR_EA(1.0),"Adults' educational attainment distribution, by age group and gender",I,HUN,Hungary,F,Female,Y25T64,From 25 to 64 years,ISCED11A_5T8,Tertiary education,_T,Total,POP,Population,_Z,Not applicable,_T,Total,_Z,Not applicable,ED_NED,In education or not in education,POP,Population,_Z,Not applicable,PT_POP_SEX_AGE,Percentage of population in the same sex and age,OBS,Observed,_Z,Not applicable,NEAC,LSO-NEAC regular data collection,A,Annual,2024,,36.53192520141602,,A,Normal value,,,0,Units,1,One
DATAFLOW,OECD.EDU.IMEP:DSD_EAG_LSO_EA@DF_LSO_NEAC_DISTR_EA(1.0),"Adults' educational attainment distribution, by age group and gender",I,EST,Estonia,M,Male,Y25T64,From 25 to 64 years,ISCED11A_5T8,Tertiary education,_T,Total,POP,Population,_Z,Not applicable,_T,Total,_Z,Not applicable,ED_NED,In education or not in education,POP,Population,_Z,Not applicable,PT_POP_SEX_AGE,Percentage of population in the same sex and age,OBS,Observed,_Z,Not applicable,NEAC,LSO-NEAC regular data collection,A,Annual,2024,,30.88374519348145,,A,Normal value,,,0,Units,1,One
DATAFLOW,OECD.EDU.IMEP:DSD_EAG_LSO_EA@DF_LSO_NEAC_DISTR_EA(1.0),"Adults' educational attainment distribution, by age group and gender",I,ROU,Romania,F,Female,Y25T64,From 25 to 64 years,ISCED11A_5T8,Tertiary education,_T,Total,POP,Population,_Z,Not applicable,_T,Total,_Z,Not applicable,ED_NED,In education or not in education,POP,Population,_Z,Not applicable,PT_POP_SEX_AGE,Percentage of population in the same sex and age,OBS,Observed,_Z,Not applicable,NEAC,LSO-NEAC regular data collection,A,Annual,2024,,21.37006378173828,,A,Normal value,,,0,Units,1,One
DATAFLOW,OECD.EDU.IMEP:DSD_EAG_LSO_EA@DF_LSO_NEAC_DISTR_EA(1.0),"Adults' educational attainment distribution, by age group and gender",I,NLD,Netherlands,F,Female,Y25T64,From 25 to 64 years,ISCED11A_5T8,Tertiary education,_T,Total,POP,Population,_Z,Not applicable,_T,Total,_Z,Not applicable,ED_NED,In education or not in education,POP,Population,_Z,Not applicable,PT_POP_SEX_AGE,Percentage of population in the same sex and age,OBS,Observed,_Z,Not applicable,NEAC,LSO-NEAC regular data collection,A,Annual,2024,,47.06541442871094,,A,Normal value,,,0,Units,1,One
DATAFLOW,OECD.EDU.IMEP:DSD_EAG_LSO_EA@DF_LSO_NEAC_DISTR_EA(1.0),"Adults' educational attainment distribution, by age group and gender",I,CHE,Switzerland,M,Male,Y25T64,From 25 to 64 years,ISCED11A_5T8,Tertiary education,_T,Total,POP,Population,_Z,Not applicable,_T,Total,_Z,Not applicable,ED_NED,In education or not in education,POP,Population,_Z,Not applicable,PT_POP_SEX_AGE,Percentage of population in the same sex and age,OBS,Observed,_Z,Not applicable,NEAC,LSO-NEAC regular data collection,A,Annual,2024,,48.705078125,,A,Normal value,,,0,Units,1,One
DATAFLOW,OECD.EDU.IMEP:DSD_EAG_LSO_EA@DF_LSO_NEAC_DISTR_EA(1.0),"Adults' educational attainment distribution, by age group and gender",I,ESP,Spain,F,Female,Y25T64,From 25 to 64 years,ISCED11A_5T8,Tertiary education,_T,Total,POP,Population,_Z,Not applicable,_T,Total,_Z,Not applicable,ED_NED,In education or not in education,POP,Population,_Z,Not applicable,PT_POP_SEX_AGE,Percentage of population in the same sex and age,OBS,Observed,_Z,Not applicable,NEAC,LSO-NEAC regular data collection,A,Annual,2024,,45.55783081054688,,A,Normal value,,,0,Units,1,One
DATAFLOW,OECD.EDU.IMEP:DSD_EAG_LSO_EA@DF_LSO_NEAC_DISTR_EA(1.0),"Adults' educational attainment distribution, by age group and gender",I,G20,G20,M,Male,Y25T64,From 25 to 64 years,ISCED11A_5T8,Tertiary education,_T,Total,POP,Population,_Z,Not applicable,_T,Total,_Z,Not applicable,ED_NED,In education or not in education,POP,Population,_Z,Not applicable,PT_POP_SEX_AGE,Percentage of population in the same sex and age,OBS,Observed,_Z,Not applicable,NEAC,LSO-NEAC regular data collection,A,Annual,2024,,,,O,Missing value,,,0,Units,1,One
DATAFLOW,OECD.EDU.IMEP:DSD_EAG_LSO_EA@DF_LSO_NEAC_DISTR_EA(1.0),"Adults' educational attainment distribution, by age group and gender",I,IRL,Ireland,M,Male,Y25T64,From 25 to 64 years,ISCED11A_5T8,Tertiary education,_T,Total,POP,Population,_Z,Not applicable,_T,Total,_Z,Not applicable,ED_NED,In education or not in education,POP,Population,_Z,Not applicable,PT_POP_SEX_AGE,Percentage of population in the same sex and age,OBS,Observed,_Z,Not applicable,NEAC,LSO-NEAC regular data collection,A,Annual,2024,,53.21783447265625,,A,Normal value,,,0,Units,1,One
DATAFLOW,OECD.EDU.IMEP:DSD_EAG_LSO_EA@DF_LSO_NEAC_DISTR_EA(1.0),"Adults' educational attainment distribution, by age group and gender",I,IRL,Ireland,F,Female,Y25T64,From 25 to 64 years,ISCED11A_5T8,Tertiary education,_T,Total,POP,Population,_Z,Not applicable,_T,Total,_Z,Not applicable,ED_NED,In education or not in education,POP,Population,_Z,Not applicable,PT_POP_SEX_AGE,Percentage of population in the same sex and age,OBS,Observed,_Z,Not applicable,NEAC,LSO-NEAC regular data collection,A,Annual,2024,,61.67748260498047,,A,Normal value,,,0,Units,1,One
